id;Country_size;Country;WB_region;ls_intensity;fl_intensity;Pop_ls_safe_2010;Pop_ls_risk_2010;Pop_flood_safe_2010;Pop_flood_risk_2010;Pop_ls_safe_2100;Pop_ls_risk_2100;Pop_flood_safe_2100;Pop_flood_risk_2100;Pop_ls_safe_2050;Pop_ls_risk_2050;Pop_fl_risk_2050;Pop_fl_safe_2050
0;28189660;Afghanistan;South Asia;0.224636783;0.030598987;23268870;4920790;25093055;3096605;77262500;24222800;87272910;14212390;52700000;14700000;9010206;58389794
1;23205968.8;Angola;Sub-Saharan Africa;0.000586035;0.018159742;23199399.5;6569.3;22934442.9;271525.9;67040836;21110.3;65783604.3;1278342;51739732;15254.3;876183.8;50878802.5
2;2899537;Albania;Europe and Central Asia;0.466555222;0.049404748;2508167;391370;2762204.7;137332.3;1885337;218388;2022086.6;81638.4;2523291;354389;135830.4;2741849.6
3;0;Andorra;Europe and Central Asia;0.053221289;0;0;0;0;0;0;0;0;0;0;0;0;0
4;8206686;United Arab Emirates;Middle East and North Africa;0.023399541;0.003487575;8101556;105130;8201870.4;4815.6;17394476;360103;17738083.8;16495.2;18070691;364575;16700.1;18418565.9
5;40292204.7;Argentina;Latin America and Caribbean;0.017678296;0.094662368;40224062;68142.7;34657556.5;5634648.2;46393328;89813.7;39814345.7;6668796;49174737;94898.7;7042407;42227228.7
6;2935490;Armenia;Europe and Central Asia;0.203603187;0.024413905;2665339;270151;2638799.3;296690.7;1553598;126870;1503694;176774;2251667;212926;248718.8;2215874.2
7;0;Antigua and Barbuda;Latin America and Caribbean;0;0;0;0;0;0;0;0;0;0;0;0;0;0
8;21688813.7;Australia;East Asia and Pacific;0.001547118;0.046712885;21619002;69811.7;21101486.2;587327.5;40092220;245143;38891055;1446308;34150653;169039;1190126;33129566
9;8363398;Austria;Europe and Central Asia;0.356149584;0.03234072;7174658;1188740;6990404;1372994;7075812;1042480;6717690;1400602;7903251;1280000;1509298;7673953
10;9054329;Azerbaijan;Europe and Central Asia;0.156782162;0.127335242;8722872;331457;8300113.6;754215.4;8837677;319141;8421218.2;735599.8;10433903;408056;929250.7;9912708.3
11;9085140;Burundi;Sub-Saharan Africa;0.104114502;0.079853827;8212310;872830;9024368.2;60771.8;18864600;1625250;20320990.3;168859.7;16480000;1720000;144678.9;18055321.1
12;10886035;Belgium;Europe and Central Asia;0.020737655;0.033963473;10704275;181760;10127533.6;758501.4;12907403;226083;12254843.9;878642.1;12625094;219948;865676.7;11979365.3
13;9358589.9;Benin;Sub-Saharan Africa;0.000988019;0.035576015;9335086.1;23503.8;8359854.3;998735.6;25007758;55540.5;22390352.9;2672945.6;19762423;47291.5;2245286;17564428.5
14;16116857.8;Burkina Faso;Sub-Saharan Africa;8.51E-05;0.020669085;16116857.8;0;15788762.3;328095.5;54139329;2612.6;53247982.3;893959.3;37817926.8;0;656062.3;37161864.5
15;148182393;Bangladesh;South Asia;0.043622159;0.451070009;148017023;165370;80317366;67865027;166477360;209007;92125258;74561109;194280000;227869;89157593;105350276
16;7359485;Bulgaria;Europe and Central Asia;0.029496565;0.024467845;7156718;202767;7042590.2;316894.8;4851048;122483;4774923.3;198607.7;6033296;164201;253655.7;5943841.3
17;889015;Bahrain;Middle East and North Africa;0;0;889015;0;889015;0;2757740;0;2757740;0;2120128;0;0;2120128
18;336338;Bahamas;Latin America and Caribbean;0;0;336338;0;336338;0;445253;0;445253;0;459967;0;0;459967
19;3810517;Bosnia and Herzegovina;Europe and Central Asia;0.167023141;0.028856262;3284249;526268;3448722.1;361794.9;1942334;283905;2026432.7;199806.3;2893989;454357;313799.6;3034546.4
20;9483837;Belarus;Europe and Central Asia;0;0.040906232;9483837;0;9007274;476563;6159795;0;5884410.2;275384.8;8114066;0;387497.5;7726568.5
21;297962.5;Belize;Latin America and Caribbean;0.043069196;0.017392608;297870.5;92;292952.6;5009.9;427814.1;133;420708;7239.1;427000.6;134.9;7340.2;419795.3
22;10218018;Bolivia;Latin America and Caribbean;0.081795482;0.108731955;8900108;1317910;9839485.1;378532.9;12806170;2079940;14229536.1;656573.9;12630000;2050000;653039.3;14026960.7
23;194935420;Brazil;Latin America and Caribbean;0.00275174;0.075557019;192784330;2151090;185043660;9891760;186715090;1976670;179246970;9444790;229610000;2600000;12380000;219830000
24;264050.9;Barbados;Latin America and Caribbean;0.02480916;0;262641.3;1409.6;264050.9;0;190305.6;685.8;190991.4;0;257731.5;1277.7;0;259009.2
25;393308.7;Brunei;East Asia and Pacific;0.15640648;0.011782032;376364;16944.7;363040.1;30268.6;602781.2;33655.9;595680.5;40756.6;584043.6;32131.3;39143.8;577031.1
26;705516;Bhutan;South Asia;0.383500409;0.008008217;340483;365033;691731.2;13784.8;612025;656155;1243401.7;24778.3;581071;622970;23525.7;1180515.3
27;2088516.7;Botswana;Sub-Saharan Africa;1.52E-05;0.028614997;2088516.7;0;2039331;49185.7;2873572.2;0;2796332.8;77239.4;2841789.6;0;78471.2;2763318.4
28;4660062.3;Central African Republic;Sub-Saharan Africa;0.0003491;0.034131062;4660018.8;43.5;4267434.8;392627.5;8350159.1;54.2;7743947.5;606265.8;7849760.6;60.3;614428.8;7235392.1
29;30928098.3;Canada;North America;0.015739097;0.072512725;30860154;67944.3;28326744.3;2601354;49601218;123103;45083534;4640787;43376627;107829;3919737;39564719
30;7807225;Switzerland;Europe and Central Asia;0.486781073;0.032454944;6364845;1442380;7374850.1;432374.9;7493330;1705840;8674264.8;524905.2;7560000;1770000;521305.4;8808694.6
31;16858512;Chile;Latin America and Caribbean;0.141578473;0.006412091;16051100;807412;16232604.1;625907.9;16286530;848518;16504851.4;630196.6;19100000;1060000;836753.4;19323246.6
32;1335508500;China;East Asia and Pacific;0.098360281;0.058879265;1289219000;46289500;1084075700;251432800;743127800;20454200;622645700;140936300;1216100000;39300000;241600000;1013800000
33;21060259.6;CÃ´te d_Ivoire;Sub-Saharan Africa;0.001107192;0.02542851;21031710;28549.6;20570924.2;489335.4;34559308;37845;33615632;981521;0;0;0;0
34;19847616;Cameroon;Sub-Saharan Africa;0.014188957;0.044900254;19640935;206681;18494549;1353067;35588420;548260;33646596;2490084;32850000;473421;2343690;30979731
35;65460029;Democratic Republic of the Congo;Sub-Saharan Africa;0.004808396;0.043249991;64460800;999229;61953745;3506284;182591690;3272340;177054560;8809470;142200000;2380000;7850000;136730000
36;4322650.6;Republic of the Congo;Sub-Saharan Africa;0.001026852;0.078093579;4320897.7;1752.9;3528609.3;794041.3;9645163;14845.9;8178891.2;1481117.7;8250426;8691.4;1378999.5;6880117.9
37;44559800;Colombia;Latin America and Caribbean;0.154995159;0.085948624;39289960;5269840;41949694;2610106;51828680;7014470;55153299;3689851;53620000;7550000;3975275;57194725
38;583171.5;Comoros;Sub-Saharan Africa;0.001513623;0;581291.6;1879.9;583171.5;0;1116362;4339.8;1120701.8;0;1020439;3940.3;0;1024379.3
39;447070.3;Cabo Verde;Sub-Saharan Africa;0.004349627;0;446100.5;969.8;447070.3;0;451864.1;974.3;452838.4;0;514268;1130.2;0;515398.2
40;4594932;Costa Rica;Latin America and Caribbean;0.511009658;0.028100999;2948882;1646050;4558523.8;36408.2;4093780;2210970;6259168.5;45581.5;4200000;2390000;52077;6537923
41;1073309.8;Cyprus;Europe and Central Asia;0.103977944;0;1052976.6;20333.2;1073309.8;0;1428056;29426.2;1457482.2;0;1473827;31173.8;0;1505000.8
42;10474418;Czechia;Europe and Central Asia;0.027778564;0.01352843;10205080;269338;10025818.3;448599.7;10566228;270540;10371198.2;465569.8;11375784;304153;494559.3;11185377.7
43;81650370;Germany;Europe and Central Asia;0.033158789;0.049766214;79611460;2038910;73678271;7972099;64576970;1441080;59378811;6639239;76470000;1880000;7773456;70576544
44;799095.9;Djibouti;Middle East and North Africa;0.16476812;0.00393868;735375.1;63720.8;799095.9;0;1153934.5;99989.3;1253923.8;0;1139872.2;98770.8;0;1238643
45;0;Dominica;Latin America and Caribbean;0;0;0;0;0;0;0;0;0;0;0;0;0;0
46;5397431.6;Denmark;Europe and Central Asia;2.22E-05;0;5397158.3;273.3;5397431.6;0;7196283.7;432.6;7196716.3;0;6378264.7;356.7;0;6378621.4
47;9654092;Dominican Republic;Latin America and Caribbean;0.140867134;0.013896375;9475109;178983;9610862.2;43229.8;11677757;232035;11850681.4;59110.6;12340000;255393;64383.8;12531009.2
48;35635744;Algeria;Middle East and North Africa;0.004351248;0.006006767;34788450;847294;35434395.9;201348.1;44487690;1010260;45236986;260964;48350000;1150000;292926.1;49207073.9
49;14878760;Ecuador;Latin America and Caribbean;0.318442111;0.025965922;12102210;2776550;13796150.5;1082609.5;16043840;3875970;18440171.5;1479638.5;16550000;4040000;1544472.9;19045527.1
50;86909715;Egypt;Middle East and North Africa;0.003122625;0.032668818;86674214;235501;45184585;41725130;138463617;270601;69115358;69618860;132540675;297066;65810000;67027741
51;3003077.5;Eritrea;Sub-Saharan Africa;0.035524628;0.007124236;2920096;82981.5;2980644;22433.5;8277244;238890;8404082.1;112051.9;6355514;204711;63470.7;6496754.3
52;0;Western Sahara;Sub-Saharan Africa;1.46E-05;0.003331605;0;0;0;0;0;0;0;0;0;0;0;0
53;45207110;Spain;Europe and Central Asia;0.056795369;0.01597621;43897070;1310040;42952090;2255020;45534590;1273070;44524246;2283414;50110000;1520000;2538867;49091133
54;1313416;Estonia;Europe and Central Asia;0;0.056544007;1313416;0;1212144.2;101271.8;1110267;0;1022476.9;87790.1;1235655;0;95735.5;1139919.5
55;89022810;Ethiopia;Sub-Saharan Africa;0.056599605;0.025228686;82850620;6172190;87457177;1565633;190306400;14762500;200820372;4248528;158200000;12200000;3451580;166948420
56;5231909.4;Finland;Europe and Central Asia;0.000177713;0.05510968;5231672;237.4;4792287.1;439622.3;6656575.7;319.8;6087726.1;569169.4;6022608.5;281.9;511049;5511841.4
57;825407.5;Fiji;East Asia and Pacific;0.064746265;0;800515.1;24892.4;825407.5;0;770065.5;23884.4;793949.9;0;901584.4;28107.4;0;929691.8
58;64353140;France;Europe and Central Asia;0.069890798;0.025190437;62185160;2167980;58765919;5587221;81934780;2952590;77973476;6913894;75640000;2710000;6484529;71865471
59;75165.3;Micronesia;East Asia and Pacific;0;0;75165.3;0;75165.3;0;57488.2;0;57488.2;0;72330;0;0;72330
60;1646944.8;Gabon;Sub-Saharan Africa;0;0.037460601;1646944.8;0;1538393.8;108551;2455694.8;0;2283342.8;172352;2427718.8;0;169506.3;2258212.5
61;62008561;United Kingdom;Europe and Central Asia;0.013708736;0.008044635;61889745;118816;60837415.2;1171145.8;83916988;182793;82580221.8;1519559.2;76044354;158526;1390086;74812794
62;3774219;Georgia;Europe and Central Asia;0.407138299;0.0209226;3541605;232614;3378542.2;395676.8;1763905;68365.6;1643875.9;188394.7;2663452;139656;319539.7;2483568.3
63;25176362.1;Ghana;Sub-Saharan Africa;0.002140319;0.052730002;25077478;98884.1;24663975;512387.1;58458972;245965;57396659;1308278;47109403;182504;1135990.7;46155916.3
64;10196916;Guinea;Sub-Saharan Africa;0.020622872;0.022774764;10049708;147208;9738760.8;458155.2;16342347;255259;15619539;978067;15353478;240026;855793;14737711
65;1925220;Gambia;Sub-Saharan Africa;0;0.202920367;1925220;0;1814826.4;110393.6;4113450;0;3916977.8;196472.2;3490000;0;180612.7;3309387.3
66;1516950;Guinea-Bissau;Sub-Saharan Africa;0;0.04716131;1516950;0;1490534.9;26415.1;2598860;0;2578132.1;20727.9;2430000;0;33673.8;2396326.2
67;1059611.7;Equatorial Guinea;Sub-Saharan Africa;0.003139867;0.018014589;1058609.2;1002.5;1045137.4;14474.3;2648078.5;3065.2;2606887.7;44256;2152596.2;2314.4;33415.4;2121495.2
68;10477720;Greece;Europe and Central Asia;0.200051484;0.025802674;9799010;678710;10330057.6;147662.4;8280889;418535;8607422.4;92001.6;9727551;596530;133142.4;10190938.6
69;103647.7;Grenada;Latin America and Caribbean;0;0;103647.7;0;103647.7;0;101031.6;0;101031.6;0;114988.7;0;0;114988.7
70;14237744;Guatemala;Latin America and Caribbean;0.297230017;0.040222081;9828854;4408890;13985318;252426;19679170;8863660;28004141;538689;16908325;7770000;468746.2;24209578.8
71;708827.3;Guyana;Latin America and Caribbean;0.000681213;0.052388502;708743;84.3;557882.9;150944.4;524344.4;63.8;410315;114093.2;700083.9;94.7;166655.9;533522.7
72;8385940;Honduras;Latin America and Caribbean;0.177508114;0.06973296;7188740;1197200;8023339;362601;11431810;1872820;12529515.8;775114.2;10970000;1850000;689838.5;12130161.5
73;4164063;Croatia;Europe and Central Asia;0.104359767;0.099736097;3849959;314104;3442253.8;721809.2;2851836;208290;2547555.6;512570.4;3560327;275496;672263.7;3163559.3
74;9445260;Haiti;Latin America and Caribbean;0.394107421;0.020501139;7619590;1825670;9270637.5;174622.5;8675460;1840780;10332499.6;183740.4;9760000;2150000;222580.2;11687419.8
75;10000018.4;Hungary;Europe and Central Asia;0.005219746;0.208670193;9952565;47453.4;8308493.3;1691525.1;6911889.8;25230.4;5840726.8;1096393.4;8871037;39211.2;1496460.6;7413787.6
76;238636200;Indonesia;East Asia and Pacific;0.156641836;0.063013807;231676200;6960000;221036190;17600010;220432660;6061280;210253100;16240840;276900000;8440000;21030000;264310000
77;1237724700;India;South Asia;0.09463824;0.091054931;1205024000;32700700;1044786660;192938040;1565553700;43997600;1378978800;230572500;1693500000;48200000;265300000;1476400000
78;4457271.9;Ireland;Europe and Central Asia;0.007785582;0.006343808;4453888.2;3383.7;4402098.8;55173.1;6939709.4;6602.5;6854096.1;92215.8;6266303.2;5356.9;84118.5;6187541.6
79;75051720;Iran;Middle East and North Africa;0.150232495;0.038994599;73033140;2018580;69574171;5477549;73909940;2033930;70574992;5368878;92000000;2750000;7047704;87702296
80;30959485;Iraq;Middle East and North Africa;0.031197622;0.125530749;30734380;225105;17306067;13653418;85871350;740465;48684222;37927593;65670000;560210;29376363;36853847
81;304627.2;Iceland;Europe and Central Asia;0.03391724;0;302298.1;2329.1;304627.2;0;553084.9;4732.9;557817.8;0;463262.8;3797.9;0;467060.7
82;7474004;Israel;Middle East and North Africa;0.077908748;0.011290643;7037768;436236;7468879.8;5124.2;20779680;2221970;22961471.5;40178.5;13490000;1090000;15962.5;14564037.5
83;58668830;Italy;Europe and Central Asia;0.205505409;0.040267754;52234530;6434300;56718764.2;1950065.8;45613140;4696610;48749483.8;1560266.2;53280000;6250000;1972311.7;57557688.3
84;2618522;Jamaica;Latin America and Caribbean;0.361870877;0;2364358;254164;2618522;0;1950788;195580;2146368;0;2364944;247735;0;2612679
85;6921603;Jordan;Middle East and North Africa;0.024400331;0.00598842;6550651;370952;6911153.7;10449.3;16475580;1263390;17694013;44957;13770000;966665;30890.5;14705774.5
86;123666820;Japan;East Asia and Pacific;0.31097213;0.019076098;114499100;9167720;112967276.9;10699543.1;71000200;2846770;67768022.2;6078947.8;100200000;6170000;9639836.8;96730163.2
87;16308912;Kazakhstan;Europe and Central Asia;0.017953034;0.085437631;16095470;213442;13795790.8;2513121.2;18866650;258678;16165903.2;2959424.8;20210000;286503;3217622.1;17278880.9
88;41156350;Kenya;Sub-Saharan Africa;0.018678334;0.054169084;40124080;1032270;40452988.5;703361.5;94564330;2172600;95254722.2;1482207.8;77150000;1890000;1289071.9;77750928.1
89;5446385;Kyrgyzstan;Europe and Central Asia;0.785884893;0.011349516;4617343;829042;5255550.9;190834.1;5196667;505750;5457299.2;245117.8;5740260;808064;269906.8;6278417.2
90;14048370.4;Cambodia;East Asia and Pacific;0.034758732;0.177232984;13964837;83533.4;9233823.4;4814547;15409626;76341.2;10071998.2;5413969;17370759;97945.1;6076712;11391992.1
91;0;Kiribati;East Asia and Pacific;0;0;0;0;0;0;0;0;0;0;0;0;0;0
92;0;Saint Kitts and Nevis;Latin America and Caribbean;0;0;0;0;0;0;0;0;0;0;0;0;0;0
93;47979873;South Korea;East Asia and Pacific;0.108758798;0.022720925;47226460;753413;43941124;4038749;29823500;338443;27807418;2354525;45270000;756504;3665777;42360727
94;1775680.9;Kosovo;Europe and Central Asia;0.046527049;0;1765639.7;10041.2;1775680.9;0;1391956.3;7291.5;1399247.8;0;1721829.7;9696.6;0;1731526.3
95;2858135;Kuwait;Middle East and North Africa;0;0.006178974;2858135;0;2762052.3;96082.7;6335502;0;6183178.9;152323.1;5704817;0;141809.7;5563007.3
96;6206184;Laos;East Asia and Pacific;0.217309721;0.051562378;5572201;633983;4439047;1767137;7309820;831035;5825866;2314989;7760000;887934;2429419;6218515
97;4568804;Lebanon;Middle East and North Africa;0.321719332;0;3602185;966619;4568804;0;3555859;905425;4461284;0;4145272;1170000;0;5315272
98;3945611.5;Liberia;Sub-Saharan Africa;0.004200526;0.021374831;3929451;16160.5;3199518;746093.5;14352949;59468.1;12918882.1;1493535;10667076;43241.4;1340657.3;9369660.1
99;6412851.6;Libya;Middle East and North Africa;0.000499613;0.004255436;6372196;40655.6;6402482.8;10368.8;9734647;81942.6;9799313;17276.6;9671553;82093.2;16312.8;9737333.4
100;158662;Saint Lucia;Latin America and Caribbean;0;0;158662;0;158662;0;158697.1;0;158697.1;0;187217.7;0;0;187217.7
101;20388728.1;Sri Lanka;South Asia;0;0.010910956;20388728.1;0;20332501.3;56226.8;19196744.1;0;19145692.1;51052;22832951.2;0;68315.7;22764635.5
102;2022751.9;Lesotho;Sub-Saharan Africa;0.00048992;0.007838718;2022751.9;0;2013746.1;9005.8;2278038.7;0;2269113;8925.7;2484790.1;0;9614.7;2475175.4
103;3090190;Lithuania;Europe and Central Asia;0;0.018641932;3090190;0;2882662;207528;1859840;0;1746090.5;113749.5;2520000;0;159462.9;2360537.1
104;506952.6;Luxembourg;Europe and Central Asia;0.058619192;0.005210595;499733.8;7218.8;499455;7497.6;935084;16828.1;935713.3;16198.8;816993.5;13929.5;13663.8;817259.2
105;2062190;Latvia;Europe and Central Asia;0;0.037049738;2062190;0;1673259.8;388930.2;1244271;0;1039702.6;204568.4;1680132;0;308828.6;1371303.4
106;32256668;Morocco;Middle East and North Africa;0.02550153;0.012971866;31829520;427148;31560063.7;696604.3;30818940;361302;30530402.1;649839.9;36880000;477497;880020.7;36477476.3
107;2862353.5;Moldova;Europe and Central Asia;1.73E-05;0.039533556;2862353.5;0;2767239.2;95114.3;886024;0;869958.2;16065.8;1746621.4;0;39147;1707474.4
108;21299603;Madagascar;Sub-Saharan Africa;0.030124549;0.02666128;20675580;624023;20360712;938891;58786390;1806160;57875378;2717172;44980000;1370000;2069256;44280744
109;162353;Maldives;South Asia;0;0;162353;0;162353;0;211675;0;211675;0;234795;0;0;234795
110;112329830;Mexico;Latin America and Caribbean;0.143708547;0.040943638;101380330;10949500;102717677;9612153;127660900;13826200;129638577;11848523;132000000;14900000;12343613;134556387
111;0;Marshall Islands;East Asia and Pacific;0;0;0;0;0;0;0;0;0;0;0;0;0;0
112;2054998.7;North Macedonia;Europe and Central Asia;0.026912656;0.011043736;2004362;50636.7;1981511;73487.7;1929013;45871.7;1887759.4;87125.3;2254336;54553;100000.3;2208888.7
113;15434056.4;Mali;Sub-Saharan Africa;6.53E-07;0.056681806;15434056.4;0;12498667.4;2935389;48367269;0;39817484;8549785;36086623.6;0;6747237;29339386.6
114;395757.3;Malta;Middle East and North Africa;0.065217391;0;387799.8;7957.5;395757.3;0;348751.4;6678.4;355429.8;0;411402.1;8418.3;0;419820.4
115;48347440;Myanmar;East Asia and Pacific;0.229447825;0.088160775;46368700;1978740;36041280;12306160;35344790;1357820;27410481;9292129;47080000;1930000;12630000;36380000
116;593886;Montenegro;Europe and Central Asia;0.159099265;0.014889706;487100;106786;589664.3;4221.7;443751;95973.1;536078.4;3645.7;528885;117415;4587.5;641712.5
117;2701505.3;Mongolia;East Asia and Pacific;0.027738785;0.02147038;2675429.8;26075.5;2230544.7;470960.6;3512466.2;31172.6;2821489.1;722149.7;3658296;34522.7;730159.9;2962658.8
118;22759181.4;Mozambique;Sub-Saharan Africa;0.00031636;0.055435204;22708618;50563.4;21227312.4;1531869;48357798;110777;45011107;3457468;40773890;90876.8;2833616;38031150.8
119;3351158;Mauritania;Sub-Saharan Africa;0.00012796;0.009543793;3350784.2;373.8;2988940.2;362217.8;7010995.4;639.4;6343995;667639.8;6025864.8;624.2;639203.6;5387285.4
120;1206880.7;Mauritius;Sub-Saharan Africa;0.1592;0;1147875.7;59005;1206880.7;0;1157699.5;55843.2;1213542.7;0;1302138.1;64370.5;0;1366508.6
121;14649076;Malawi;Sub-Saharan Africa;0.011649247;0.208307843;14542824;106252;14320145.3;328930.7;65204970;405054;64183802;1426222;39620000;258471;915147.2;38963323.8
122;28093730;Malaysia;East Asia and Pacific;0.303634262;0.046790127;26670040;1423690;26147223;1946507;41751950;2337540;40837070;3252420;40290000;2250000;3115803;39424197
123;2097061.1;Namibia;Sub-Saharan Africa;0.002887926;0.01403105;2095242.6;1818.5;2003312.9;93748.2;3038022.4;3422.6;2869059;172386;3067953;3487.3;175354.9;2896085.4
124;16639805.5;Niger;Sub-Saharan Africa;0.000114671;0.013960136;16639805.5;0;15390620.4;1249185.1;105038432.5;0;99236178.5;5802254;54628721.6;0;3870407;50758314.6
125;160264931;Nigeria;Sub-Saharan Africa;0.001555555;0.08825037;160056120;208811;145139411;15125520;586775240;688277;528100457;59363060;374290000;458832;37530000;337218832
126;5815607;Nicaragua;Latin America and Caribbean;0.081731202;0.117958417;5349863;465744;5522450.7;293156.3;5796579;479427;5958358.3;317647.7;6505784;541951;366408.4;6681326.6
127;16461974.8;Netherlands;Europe and Central Asia;2.99E-05;0.246288497;16461745;229.8;11279839.6;5182135.2;18866113.3;377.2;12931418.4;5935072.1;18375312.2;248.4;5788395.6;12587165
128;4616649;Norway;Europe and Central Asia;0.042322559;0.008447985;4349054;267595;4339037.6;277611.4;7631110;527196;7663778.8;494527.2;6245830;416346;403453.4;6258722.6
129;27161580;Nepal;South Asia;0.664357013;0.027332324;19001250;8160330;24811084;2350496;35566210;11947200;43844794;3668616;32330000;13100000;3807712;41622288
130;0;Nauru;East Asia and Pacific;0;0;0;0;0;0;0;0;0;0;0;0;0;0
131;4233563;New Zealand;East Asia and Pacific;0.35776991;0.004846569;3870451;363112;4180642.1;52920.9;5689365;602529;6206297.1;85596.9;5203395;532472;76313.8;5659553.2
132;2775069;Oman;Middle East and North Africa;0.056517095;0.014017795;2622700;152369;2725759.4;49309.6;5269284;357061;5508148;118197;4674317;313256;101677.8;4885895.2
133;193748750;Pakistan;South Asia;0.126035203;0.173394129;187895440;5853310;136274990;57473760;352266700;10725000;249963670;113028030;315230000;10200000;102020000;223410000
134;3541474;Panama;Latin America and Caribbean;0.229463357;0.00569646;3411778;129696;3539253.5;2220.5;4842976;200959;5040494.4;3440.6;4920619;204810;3506.6;5121922.4
135;28797630;Peru;Latin America and Caribbean;0.164514068;0.070156032;21937230;6860400;27311972;1485658;21426170;7049410;26833107;1642473;25290000;8270000;2059125;31500875
136;90566140;Philippines;East Asia and Pacific;0.291250868;0.019212849;82865130;7701010;87250680.2;3315459.8;139999900;13413200;147416560;5996540;130700000;12600000;5503107;137796893
137;13075;Palau;East Asia and Pacific;0.073446328;0;13075;0;13075;0;10816;0;10816;0;15761;0;0;15761
138;7036646;Papua New Guinea;East Asia and Pacific;0.193724225;0.053436039;6072251;964395;6884393.1;152252.9;10553830;1725200;12046394.9;232635.1;10170000;1630000;239773.6;11560226.4
139;37974349;Poland;Europe and Central Asia;0.006517756;0.035246734;37757425;216924;36561218.4;1413130.6;25905372;125598;25185741.8;845228.2;34679826;188022;1277118.3;33590729.7
140;10442028;Portugal;Europe and Central Asia;0.061620748;0.019351672;10125450;316578;10335681;106347;9713550;243266;9856056.5;100759.5;10699318;303145;117889.6;10884573.4
141;5753368.2;Paraguay;Latin America and Caribbean;0;0.159091673;5753368.2;0;5467754.7;285613.5;8868289.6;0;8392204.1;476085.5;8692365.4;0;464132.1;8228233.3
142;3735769;Palestine;Middle East and North Africa;0.154099561;0.031356759;3486714;249055;3729715.5;6053.5;4851531;370809;5213862.5;8477.5;4975871;388152;9217.6;5354805.4
143;1697769.5;Qatar;Middle East and North Africa;0;0;1697769.5;0;1697769.5;0;3466974;0;3466974;0;3648649.2;0;0;3648649.2
144;20229376;Romania;Europe and Central Asia;0.070747164;0.073021765;19499040;730336;18805395.7;1423980.3;10367499;293070;10070439.6;590129.4;16130000;549518;1128212;15551306
145;141535915;Russia;Europe and Central Asia;0.01665322;0.060444055;140654310;881605;125190945;16344970;120789540;679251;107576521;13892270;134400000;810088;15620000;119590088
146;10288180;Rwanda;Sub-Saharan Africa;0.141493935;0.042399245;8911440;1376740;10229705.7;58474.3;25655040;4239210;29730089.8;164160.2;19200000;3020000;121804.4;22098195.6
147;29166646.1;Saudi Arabia;Middle East and North Africa;0.001896543;0.010057649;29103983;62663.1;28687221.3;479424.8;66028010;231915;64779871.7;1480053.3;57420000;187929;1226445.2;56381483.8
148;33698087.3;Sudan;Sub-Saharan Africa;0.00102599;0.052682528;33646397;51690.3;24680220.3;9017867;69021549;125407;50666126;18480830;61724314;109084;16550000;45283398
149;12200522.2;Senegal;Sub-Saharan Africa;0.000127212;0.060828747;12200458.6;63.6;11307064.2;893458;29175295.2;95.7;27061665.9;2113725;22503660.8;103.1;1925875;20577888.9
150;4914886.9;Singapore;East Asia and Pacific;0.005722461;0;4908914.1;5972.8;4914886.9;0;5164490.4;2234.1;5166724.5;0;5722646.8;2980.2;0;5725627
151;482217;Solomon Islands;East Asia and Pacific;0.465513119;0;307253;174964;482217;0;615076;350253;965329;0;554539;315780;0;870319
152;6335672;Sierra Leone;Sub-Saharan Africa;0.003325205;0.076153029;6031558;304114;5836431.8;499240.2;13136910;623663;12977423.6;783149.4;11334896;522649;852177.2;11005367.8
153;6084724;El Salvador;Latin America and Caribbean;0.248845312;0.048213273;5631624;453100;6023248.8;61475.2;4355137;320613;4632554.4;43195.6;5542943;433090;58843.1;5917189.9
154;31608;San Marino;Europe and Central Asia;0.131313131;0;28895;2713;31608;0;33642;1776.7;35418.7;0;35108;2559.2;0;37667.2
155;11878831.8;Somalia;Sub-Saharan Africa;0.013157348;0.067810842;11854947;23884.8;9080006.8;2798825;24333383;66438.6;20045163.6;4354658;20433888;54210.6;5282252;15205846.6
156;7291437;Serbia;Europe and Central Asia;0.052525365;0.155972816;7058209;233228;5818778.2;1472658.8;5528721;172794;4582972;1118543;6928290;226174;1441417.4;5713046.6
157;9714422.2;South Sudan;Sub-Saharan Africa;0.001565406;0.228020627;9680955;33467.2;6937667.2;2776755;21945840;81435.5;15384792.5;6642483;19425500;70627.2;5809252;13686875.2
158;170120;SÃ£o TomÃ© and PrÃ­ncipe;Sub-Saharan Africa;0;0;170120;0;170120;0;197360.8;0;197360.8;0;205611.9;0;0;205611.9
159;542476.3;Suriname;Latin America and Caribbean;0.000134024;0.063206904;542476.3;0;197013.4;345462.9;646624.4;0;234442.7;412181.7;680585.2;0;436272.2;244313
160;5391426;Slovakia;Europe and Central Asia;0.126322859;0.087326031;4945656;445770;4659491.1;731934.9;4062248;307553;3735182.1;634618.9;5035636;425958;780813.4;4680780.6
161;2035850;Slovenia;Europe and Central Asia;0.270066767;0.033030383;1669312;366538;1850712.8;185137.2;1757167;357035;1924628.4;189573.6;1809650;383572;197445.5;1995776.5
162;9103544.9;Sweden;Europe and Central Asia;0.002308005;0.039267286;9088957.7;14587.2;8458619.9;644925;14599927;26327.7;13523749.5;1102505.2;12096751;21253.7;894354.6;11223650.1
163;1099920.2;Swaziland;Sub-Saharan Africa;0.020090474;0.010067412;1088264.2;11656;1056970.7;42949.5;1391552.9;14416.2;1352848.8;53120.3;1418657.1;15134.2;55765.8;1378025.5
164;0;Seychelles;Sub-Saharan Africa;0.008928571;0;0;0;0;0;0;0;0;0;0;0;0;0
165;22036173;Syria;Middle East and North Africa;0.014331294;0.025377705;21368200;667973;20728362.5;1307810.5;37448110;1018230;36394679.9;2071660.1;34810000;991532;2060831.7;33740700.3
166;11812881.5;Chad;Sub-Saharan Africa;0.002635459;0.087071648;11777857.5;35024;9384231.5;2428650;35898044;99710.2;26427358.2;9570396;26436001;79411;6181103;20334309
167;6550628.7;Togo;Sub-Saharan Africa;0.001424163;0.02796404;6523325.3;27303.4;6397577.9;153050.8;12044303;43702;11753778.5;334226.5;10862956;44063.6;321089.4;10585930.2
168;67966374;Thailand;East Asia and Pacific;0.06327128;0.116183619;67043880;922494;42441916;25524458;52557744;759609;30623632;22693721;70820000;1050000;27584665;44285335
169;7621770;Tajikistan;Europe and Central Asia;0.696683519;0.029032228;6873930;747840;6862433.4;759336.6;7180859;661408;7081224.8;761042.2;8070000;840273;887730.6;8022542.4
170;5252054.2;Turkmenistan;Europe and Central Asia;0.010672908;0.065317983;5236350.4;15703.8;3594247.3;1657806.9;5760244.8;17554.9;3924577.1;1853222.6;6619307.8;20509.6;2165135.4;4474682
171;1065640;Timor-Leste;East Asia and Pacific;0.178934226;0;845574;220066;1065640;0;1943296;429392;2372688;0;1522563;361832;0;1884395
172;85320;Tonga;East Asia and Pacific;0.052083333;0;85320;0;85320;0;73835;0;73835;0;86961.7;0;0;86961.7
173;1384761.8;Trinidad and Tobago;Latin America and Caribbean;0.074848832;0;1334475;50286.8;1384761.8;0;919293;15421.9;934714.9;0;1252764;36852.7;0;1289616.7
174;10759660.3;Tunisia;Middle East and North Africa;0.004619499;0.00986747;10720327;39333.3;10568558.6;191101.7;10847886;36835.8;10707163;177558.8;12966132;47754.9;226670.4;12787216.5
175;71035210;Turkey;Europe and Central Asia;0.275468807;0.021462906;62454100;8581110;69015415;2019795;76359300;10588300;84241221;2706379;81100000;12000000;2956805;90143195
176;0;Tuvalu;East Asia and Pacific;0;0;0;0;0;0;0;0;0;0;0;0;0;0
177;44263294;Tanzania;Sub-Saharan Africa;0.008418453;0.064769772;44030230;233064;43412121;851173;140976320;686917;138861909;2801328;100250000;511744;2026706;98735038
178;31839871;Uganda;Sub-Saharan Africa;0.012427867;0.17856773;31429580;410291;31405661.9;434209.1;146737240;1695990;146262854;2170376;87780000;1080000;1254209;87605791
179;45278053;Ukraine;Europe and Central Asia;0.013705359;0.043980322;44922275;355778;43149973;2128080;32512811;203124;31456467;1259468;38428996;275615;1640908;37063703
180;3338270.7;Uruguay;Latin America and Caribbean;8.16E-06;0.063474524;3338270.4;0.3;3272862.6;65408.1;2605927.7;0.2;2570364.2;35563.7;3303981.5;0.3;63268.4;3240713.4
181;307669840;United States;North America;0.041256378;0.059103754;302153980;5515860;296461080;11208760;445583900;8081490;436125620;17539770;390800000;7100000;15040000;382860000
182;28562422;Uzbekistan;Europe and Central Asia;0.045073852;0.111180729;28322780;239642;21679807.6;6882614.4;29562100;206433;22998477.7;6770055.3;34590000;293408;8276754.1;26606653.9
183;96420.9;Saint Vincent and the Grenadines;Latin America and Caribbean;0;0;96420.9;0;96420.9;0;71211.9;0;71211.9;0;90946.2;0;0;90946.2
184;28309100;Venezuela;Latin America and Caribbean;0.040747408;0.116473746;24566750;3742350;27543039.2;766060.8;33643700;5127040;37519492;1251248;35060000;5480000;1311236;39228764
185;86370980;Vietnam;East Asia and Pacific;0.29987827;0.1715126;81820340;4550640;49141850;37229130;73039300;3287340;44568640;31758000;96890000;5030000;43810000;58110000
186;216341.4;Vanuatu;East Asia and Pacific;0.478468257;0;171663;44678.4;216341.4;0;344756;89729.1;434485.1;0;309708;80607.3;0;390315.3
187;152641.9;Samoa;East Asia and Pacific;0;0;152641.9;0;152641.9;0;112604.6;0;112604.6;0;142633.3;0;0;142633.3
188;24631000;Yemen;Middle East and North Africa;0.089007424;0.019235418;19533960;5097040;23665098.4;965901.6;59337400;19836400;76570276.7;2603523.3;44350000;13700000;2064877.1;55985122.9
189;51708153;South Africa;Sub-Saharan Africa;0.014494231;0.009597531;51471745;236408;51440101.5;268051.5;59946861;250628;59826768.3;370720.7;64580498;303172;422169.8;64461500.2
190;13764734.8;Zambia;Sub-Saharan Africa;0.000217622;0.058099436;13764713;21.8;13252726.9;512007.9;45669629.5;74.5;43834429;1835275;31619905.2;52.8;1272791;30347167
191;12839554;Zimbabwe;Sub-Saharan Africa;7.70E-05;0.016522713;12833628.4;5925.6;12094601.7;744952.3;11722023.6;4285.6;11186249.1;540060.1;13376017.7;5647.1;710686.8;12670978
